[{"name":"Mahia Islam","email":"islammahia800@gmail.com","gender":"Female","username":"mahia","Password":"12345","cpassword":"12345"}]
    
    
    
    
    
    
    
    
    /*"name":"Sayma Nasrin","email":"sayma@gmail.com","uname":"sayma","address":"Dhaka","password":"1234","gender":"Female","date":"1997-03-01","user_type":"admin"},{"name":"Mahia Islam","email":"mahia@gmail.com","uname":"mahia","address":"Dhaka","password":"1234","gender":"Female","date":"1997-01-01","user_type":"manager"},{"name":"Arhab Safwan","email":"arhab@gmail.com","uname":"arhab","address":"Dhaka","password":"1234","gender":"Male","date":"1996-02-01","user_type":"customer"},{"name":"Rifa tasfia","email":"rifa4@gmail.com","uname":"rifa","address":"bashundhara R/a","password":"1234","gender":"Female","date":"2020-03-30","user_type":"customer"}]

,"dateofbirth":"01/16/1998","phone":"01791648127","address":"bashundhara R/a","userType":"manager"

*/

